<soapenv:Envelope xmlns:soapenv="http://schemas.xmlsoap.org/soap/envelope/">
   <soapenv:Header/>
   <soapenv:Body>
      <ns0:resultNotification xmlns:ns0="http://services.tmnuzo.solutions.acm.ams.products.ptinovacao.pt/">
                <requestId>0199PPRDPRMACT20110819160715331UEB642F1D259B462000</requestId>
                <msisdn>964072894</msisdn>
                <campaignId>PRE_CL</campaignId>
                <operation>2</operation>
                <cardType>TMN</cardType>
                <result>I2</result>
                <resultDesc>Mensagem processada com sucesso no sistema destino .</resultDesc>
                <extSysResult>
                               <extSysResultElem>
                                               <extSystemId>200</extSystemId>
                                               <extSystemResultId>0</extSystemResultId>
                                               <extSystemResultDesc>Mensagem processada com sucesso no sistema destino .</extSystemResultDesc>
                               </extSysResultElem>
                </extSysResult>
                </ns0:resultNotification>
   </soapenv:Body>
</soapenv:Envelope>